data,P_iqo_fqo_g,p_IQO_fqo_g,p_iqo_FQO_g,p_iqo_fqo_G
2020-01-01,0,0,0,0
2020-01-02,0,0,0,0
2020-01-03,0,0,0,0
2020-01-04,0,0,0,0
2020-01-05,0,0,0,0
2020-01-06,0,0,0,0
2020-01-07,0,0,0,0
2020-01-08,0,0,0,0
2020-01-09,0,0,0,0
2020-01-10,0,0,0,0
2020-01-11,0,0,0,0
2020-01-12,0,0,0,0
2020-01-13,0,0,0,0
2020-01-14,0,0,0,0
2020-01-15,0,0,0,0
2020-01-16,0,0,0,0
2020-01-17,0,0,0,0
2020-01-18,0,0,0,0
2020-01-19,0,0,0,0
2020-01-20,0,0,0,0
2020-01-21,0,0,0,0
2020-01-22,0,0,0,0
2020-01-23,0,0,0,0
2020-01-24,0,0,0,0
2020-01-25,0,0,0,0
2020-01-26,0,0,0,0
2020-01-27,0,0,0,0
2020-01-28,0,0,0,0
2020-01-29,0,0,0,0
2020-01-30,0,0,0,0
2020-01-31,0,0,0,0
2020-02-01,0,0,0,0
2020-02-02,0,0,0,0
2020-02-03,0,0,0,0
2020-02-04,0,0,0,0
2020-02-05,0,0,0,0
2020-02-06,0,0,0,0
2020-02-07,0,0,0,0
2020-02-08,0,0,0,0
2020-02-09,0,0,0,0
2020-02-10,0,0,0,0
2020-02-11,0,0,0,0
2020-02-12,0,0,0,0
2020-02-13,0,0,0,0
2020-02-14,0,0,0,0
2020-02-15,0,0,0,0
2020-02-16,0,0,0,0
2020-02-17,0,0,0,0
2020-02-18,0,0,0,0
2020-02-19,0,0,0,0
2020-02-20,0,0,0,0
2020-02-21,0,0,0,0
2020-02-22,0,0,0,0
2020-02-23,0,0,0,0
2020-02-24,0,0,0,0
2020-02-25,0,0,0,0
2020-02-26,0,0,0,0
2020-02-27,0,0,0,0
2020-02-28,-1,-1,0,0
2020-02-29,0,0,0,0
2020-03-01,0,0,0,0
2020-03-02,-1,-1,0,0
2020-03-03,-1,-1,0,0
2020-03-04,-1,-1,0,0
2020-03-05,-1,-1,0,0
2020-03-06,-1,-1,0,0
2020-03-07,-1,-1,0,0
2020-03-08,4,4,0,0
2020-03-09,-1,-1,0,0
2020-03-10,-1,-1,0,0
2020-03-11,6,6,0,0
2020-03-12,7,7,0,0
2020-03-13,11,11,-1,-1
2020-03-14,8,8,0,0
2020-03-15,4,4,0,0
2020-03-16,6,6,0,0
2020-03-17,9,9,0,0
2020-03-18,10,10,-1,-1
2020-03-19,12,12,0,0
2020-03-20,13,13,-1,-1
2020-03-21,12,12,0,0
2020-03-22,14,14,-1,-1
2020-03-23,16,16,-1,-1
2020-03-24,18,18,6,6
2020-03-25,22,22,-1,-1
2020-03-26,12,12,5,5
2020-03-27,8,8,4,4
2020-03-28,12,12,5,5
2020-03-29,13,13,-1,-1
2020-03-30,8,8,6,6
2020-03-31,12,12,5,5
2020-04-01,10,10,7,7
2020-04-02,13,13,8,8
2020-04-03,5,5,14,14
2020-04-04,8,8,9,9
2020-04-05,18,18,10,10
2020-04-06,5,5,16,16
2020-04-07,8,8,6,6
2020-04-08,17,17,15,15
2020-04-09,7,7,12,12
2020-04-10,16,16,19,19
2020-04-11,15,15,11,11
2020-04-12,9,9,22,22
2020-04-13,7,7,14,14
2020-04-14,6,6,7,7
2020-04-15,15,15,16,16
2020-04-16,11,11,12,12
2020-04-17,9,9,15,15
2020-04-18,12,12,4,4
2020-04-19,-1,-1,10,10
2020-04-20,10,10,12,12
2020-04-21,7,7,13,13
2020-04-22,7,7,6,6
2020-04-23,4,4,7,7
2020-04-24,8,8,11,11
2020-04-25,6,6,10,10
2020-04-26,-1,-1,13,13
2020-04-27,-1,-1,12,12
2020-04-28,10,10,10,10
2020-04-29,7,7,9,9
2020-04-30,7,7,17,17
2020-05-01,4,4,13,13
2020-05-02,4,4,7,7
2020-05-03,0,0,8,8
2020-05-04,5,5,6,6
2020-05-05,-1,-1,15,15
2020-05-06,-1,-1,10,10
2020-05-07,4,4,4,4
2020-05-08,-1,-1,9,9
2020-05-09,4,4,10,10
2020-05-10,-1,-1,-1,-1
2020-05-11,-1,-1,5,5
2020-05-12,-1,-1,5,5
2020-05-13,0,0,6,6
2020-05-14,0,0,6,6
2020-05-15,0,0,4,4
2020-05-16,-1,-1,6,6
2020-05-17,-1,-1,8,8
2020-05-18,-1,-1,4,4
2020-05-19,0,0,6,6
2020-05-20,-1,-1,-1,-1
2020-05-21,-1,-1,4,4
2020-05-22,-1,-1,0,0
2020-05-23,0,0,4,4
2020-05-24,0,0,0,0
2020-05-25,-1,-1,-1,-1
2020-05-26,0,0,-1,-1
2020-05-27,-1,-1,-1,-1
2020-05-28,-1,-1,-1,-1
2020-05-29,-1,-1,-1,-1
2020-05-30,-1,-1,-1,-1
2020-05-31,0,0,0,0
2020-06-01,-1,-1,-1,-1
2020-06-02,0,0,-1,-1
2020-06-03,0,0,-1,-1
2020-06-04,0,0,-1,-1
2020-06-05,-1,-1,0,0
2020-06-06,0,0,-1,-1
2020-06-07,0,0,-1,-1
2020-06-08,0,0,0,0
2020-06-09,0,0,0,0
2020-06-10,0,0,-1,-1
2020-06-11,0,0,-1,-1
2020-06-12,-1,-1,-1,-1
2020-06-13,0,0,0,0
2020-06-14,0,0,-1,-1
2020-06-15,0,0,-1,-1
2020-06-16,-1,-1,-1,-1
2020-06-17,-1,-1,0,0
2020-06-18,0,0,0,0
2020-06-19,0,0,-1,-1
2020-06-20,0,0,-1,-1
2020-06-21,0,0,0,0
2020-06-22,0,0,0,0
2020-06-23,0,0,0,0
2020-06-24,0,0,0,0
2020-06-25,0,0,0,0
2020-06-26,0,0,0,0
2020-06-27,0,0,0,0
2020-06-28,0,0,0,0
2020-06-29,0,0,0,0
2020-06-30,-1,-1,-1,-1
2020-07-01,0,0,0,0
2020-07-02,0,0,-1,-1
2020-07-03,0,0,-1,-1
2020-07-04,0,0,-1,-1
2020-07-05,0,0,0,0
2020-07-06,0,0,0,0
2020-07-07,0,0,0,0
2020-07-08,0,0,-1,-1
2020-07-09,0,0,0,0
2020-07-10,0,0,0,0
2020-07-11,0,0,0,0
2020-07-12,0,0,0,0
2020-07-13,0,0,0,0
2020-07-14,0,0,0,0
2020-07-15,0,0,0,0
2020-07-16,0,0,0,0
2020-07-17,0,0,0,0
2020-07-18,0,0,0,0
2020-07-19,0,0,-1,-1
2020-07-20,0,0,0,0
2020-07-21,0,0,0,0
2020-07-22,0,0,0,0
2020-07-23,0,0,0,0
2020-07-24,0,0,0,0
2020-07-25,0,0,0,0
2020-07-26,0,0,0,0
2020-07-27,0,0,0,0
2020-07-28,0,0,0,0
2020-07-29,0,0,0,0
2020-07-30,0,0,0,0
2020-07-31,0,0,0,0
2020-08-01,0,0,0,0
2020-08-02,-1,-1,0,0
2020-08-03,0,0,0,0
2020-08-04,0,0,0,0
2020-08-05,-1,-1,0,0
2020-08-06,0,0,0,0
2020-08-07,0,0,0,0
2020-08-08,0,0,0,0
2020-08-09,0,0,0,0
2020-08-10,0,0,0,0
2020-08-11,0,0,0,0
2020-08-12,0,0,0,0
2020-08-13,0,0,0,0
2020-08-14,0,0,0,0
2020-08-15,0,0,0,0
2020-08-16,0,0,0,0
2020-08-17,0,0,-1,-1
2020-08-18,0,0,0,0
2020-08-19,-1,-1,0,0
2020-08-20,-1,-1,-1,-1
2020-08-21,0,0,0,0
2020-08-22,-1,-1,0,0
2020-08-23,0,0,0,0
2020-08-24,-1,-1,0,0
2020-08-25,-1,-1,0,0
2020-08-26,0,0,0,0
2020-08-27,0,0,0,0
2020-08-28,-1,-1,0,0
2020-08-29,0,0,0,0
2020-08-30,0,0,0,0
2020-08-31,-1,-1,0,0
2020-09-01,0,0,0,0
2020-09-02,0,0,0,0
2020-09-03,0,0,-1,-1
2020-09-04,0,0,0,0
2020-09-05,0,0,-1,-1
2020-09-06,-1,-1,0,0
2020-09-07,0,0,0,0
2020-09-08,0,0,-1,-1
2020-09-09,-1,-1,0,0
2020-09-10,-1,-1,-1,-1
2020-09-11,-1,-1,-1,-1
2020-09-12,-1,-1,0,0
2020-09-13,-1,-1,0,0
2020-09-14,0,0,0,0
2020-09-15,0,0,-1,-1
2020-09-16,-1,-1,-1,-1
2020-09-17,-1,-1,-1,-1
2020-09-18,0,0,0,0
2020-09-19,0,0,0,0
2020-09-20,-1,-1,0,0
2020-09-21,-1,-1,-1,-1
2020-09-22,-1,-1,0,0
2020-09-23,-1,-1,-1,-1
2020-09-24,-1,-1,0,0
2020-09-25,-1,-1,0,0
2020-09-26,0,0,-1,-1
2020-09-27,0,0,-1,-1
2020-09-28,-1,-1,0,0
2020-09-29,-1,-1,0,0
2020-09-30,4,4,-1,-1
2020-10-01,-1,-1,-1,-1
2020-10-02,7,7,-1,-1
2020-10-03,-1,-1,-1,-1
2020-10-04,-1,-1,0,0
2020-10-05,5,5,0,0
2020-10-06,-1,-1,0,0
2020-10-07,4,4,-1,-1
2020-10-08,-1,-1,-1,-1
2020-10-09,4,4,-1,-1
2020-10-10,-1,-1,0,0
2020-10-11,-1,-1,0,0
2020-10-12,4,4,-1,-1
2020-10-13,8,8,-1,-1
2020-10-14,8,8,0,0
2020-10-15,10,10,-1,-1
2020-10-16,8,8,-1,-1
2020-10-17,7,7,4,4
2020-10-18,11,11,-1,-1
2020-10-19,17,17,4,4
2020-10-20,18,18,-1,-1
2020-10-21,23,23,-1,-1
2020-10-22,25,25,4,4
2020-10-23,22,22,-1,-1
2020-10-24,16,16,-1,-1
2020-10-25,16,16,-1,-1
2020-10-26,31,31,5,5
2020-10-27,28,28,-1,-1
2020-10-28,31,31,-1,-1
2020-10-29,38,38,9,9
2020-10-30,24,24,5,5
2020-10-31,27,27,8,8
2020-11-01,26,26,7,7
2020-11-02,40,40,10,10
2020-11-03,46,46,9,9
2020-11-04,48,48,15,15
2020-11-05,63,63,11,11
2020-11-06,54,54,13,13
2020-11-07,37,37,22,22
2020-11-08,34,34,23,23
2020-11-09,40,40,18,18
2020-11-10,36,36,20,20
2020-11-11,63,63,28,28
2020-11-12,72,72,17,17
2020-11-13,52,52,20,20
2020-11-14,52,52,27,27
2020-11-15,33,33,28,28
2020-11-16,52,52,35,35
2020-11-17,60,60,33,33
2020-11-18,36,36,37,37
2020-11-19,48,48,41,41
2020-11-20,50,50,35,35
2020-11-21,39,39,61,61
2020-11-22,25,25,32,32
2020-11-23,28,28,42,42
2020-11-24,42,42,52,52
2020-11-25,36,36,46,46
2020-11-26,42,42,48,48
2020-11-27,30,30,51,51
2020-11-28,22,22,47,47
2020-11-29,12,12,51,51
2020-11-30,26,26,49,49
2020-12-01,17,17,42,42
2020-12-02,27,27,54,54
2020-12-03,16,16,41,41
2020-12-04,27,27,54,54
2020-12-05,17,17,44,44
2020-12-06,8,8,54,54
2020-12-07,16,16,37,37
2020-12-08,7,7,32,32
2020-12-09,13,13,40,40
2020-12-10,19,19,51,51
2020-12-11,14,14,29,29
2020-12-12,9,9,49,49
2020-12-13,9,9,24,24
2020-12-14,10,10,26,26
2020-12-15,16,16,34,34
2020-12-16,0,0,26,26
2020-12-17,0,0,28,28
2020-12-18,0,0,20,20
2020-12-19,0,0,17,17
2020-12-20,0,0,21,21
2020-12-21,0,0,16,16
2020-12-22,0,0,13,13
2020-12-23,0,0,18,18
2020-12-24,0,0,16,16
2020-12-25,0,0,106,106
2020-12-26,0,0,0,0
2020-12-27,0,0,0,0
2020-12-28,0,0,0,0
2020-12-29,0,0,0,0
2020-12-30,0,0,0,0
2020-12-31,0,0,0,0
